ts,jobMs,ok
2025-10-21T04:36:16.707Z,725,1
2025-10-21T04:36:17.444Z,766,1
2025-10-21T04:36:18.222Z,261,1
2025-10-21T04:36:18.486Z,531,1
2025-10-21T04:36:19.019Z,657,1
2025-10-21T04:36:19.676Z,130,0
2025-10-21T04:36:19.819Z,143,1
2025-10-21T04:36:19.974Z,300,1
2025-10-21T04:36:20.276Z,1152,1
2025-10-21T04:36:21.442Z,312,1
2025-10-21T04:36:21.759Z,438,1
2025-10-21T04:36:22.210Z,408,1
2025-10-21T04:36:22.630Z,140,1
2025-10-21T04:36:22.771Z,585,1
2025-10-21T04:36:23.365Z,1121,1
2025-10-21T04:36:24.491Z,404,1
2025-10-21T04:36:24.896Z,975,1
2025-10-21T04:36:25.880Z,184,1
2025-10-21T04:36:26.068Z,1165,1
2025-10-21T04:36:27.238Z,269,1
2025-10-21T04:36:27.519Z,931,1
2025-10-21T04:36:28.455Z,673,1
2025-10-21T04:36:29.138Z,618,1
2025-10-21T04:36:29.762Z,125,1
2025-10-21T04:36:29.902Z,653,1
2025-10-21T04:36:30.564Z,332,1
2025-10-21T04:36:30.906Z,623,1
2025-10-21T04:36:31.545Z,473,1
2025-10-21T04:36:32.026Z,702,1
2025-10-21T04:36:32.734Z,827,1
2025-10-21T04:36:33.561Z,197,1
2025-10-21T04:36:33.761Z,231,1
2025-10-21T04:36:33.997Z,595,1
2025-10-21T04:36:34.607Z,333,1
2025-10-21T04:36:34.946Z,429,1
2025-10-21T04:36:35.385Z,215,1
2025-10-21T04:36:35.602Z,704,0
2025-10-21T04:36:36.318Z,1193,1
2025-10-21T04:36:37.522Z,304,1
2025-10-21T04:36:37.837Z,1124,1
2025-10-21T04:36:38.972Z,606,1
2025-10-21T04:36:39.581Z,600,1
2025-10-21T04:36:40.193Z,728,1
2025-10-21T04:36:40.924Z,166,1
2025-10-21T04:36:41.095Z,796,1
2025-10-21T04:36:41.902Z,914,1
2025-10-21T04:36:42.824Z,570,1
2025-10-21T04:36:43.401Z,1114,1
2025-10-21T04:36:44.531Z,944,1
2025-10-21T04:36:45.486Z,510,0